TDSFU Daily run: Sat Oct 25 06:25:50 UTC 2025 TDSFU
TDSFU Daily run: Sun Oct 26 04:31:42 UTC 2025 TDSFU
TDSFU Daily run: Mon Oct 27 04:39:06 UTC 2025 TDSFU
TDSFU Daily run: Tue Oct 28 04:33:57 UTC 2025 TDSFU
TDSFU Daily run: Wed Oct 29 04:37:34 UTC 2025 TDSFU
TDSFU Daily run: Thu Oct 30 04:33:29 UTC 2025 TDSFU
TDSFU Daily run: Fri Oct 31 04:35:00 UTC 2025 TDSFU
TDSFU Daily run: Sat Nov  1 04:30:57 UTC 2025 TDSFU
TDSFU Daily run: Sun Nov  2 04:33:30 UTC 2025 TDSFU
TDSFU Daily run: Mon Nov  3 04:38:13 UTC 2025 TDSFU
TDSFU Daily run: Tue Nov  4 04:33:37 UTC 2025 TDSFU
TDSFU Daily run: Wed Nov  5 04:34:20 UTC 2025 TDSFU
